[
  {
    "id": "5bb08faf-7a7c-47de-9f0d-444cca460003",
    "data": [
      {
        "text": "donde recupero mi contraseña",
        "meta": "@buscar-resuestas",
        "alias": "buscar-resuestas",
        "userDefined": false
      }
    ],
    "isTemplate": false,
    "count": 0,
    "lang": "es",
    "updated": 0
  },
  {
    "id": "3e7e097f-8b52-4e7f-965c-3a1ebcb65d11",
    "data": [
      {
        "text": "quiero hora",
        "meta": "@Horario-asistente-social",
        "alias": "horario-asistente-social",
        "userDefined": false
      },
      {
        "text": " para el ",
        "userDefined": false
      },
      {
        "text": "sicologo",
        "meta": "@Horario-asistente-social",
        "alias": "horario-asistente-social",
        "userDefined": false
      }
    ],
    "isTemplate": false,
    "count": 0,
    "lang": "es",
    "updated": 0
  },
  {
    "id": "8c3a14de-5a21-4f94-8275-b17a14b97081",
    "data": [
      {
        "text": "donde ",
        "userDefined": false
      },
      {
        "text": "pago mi arancel",
        "meta": "@Cuenta-corriente",
        "alias": "cuenta-corriente",
        "userDefined": false
      }
    ],
    "isTemplate": false,
    "count": 0,
    "lang": "es",
    "updated": 0
  },
  {
    "id": "3c0ad958-d3bf-4bfd-8b63-7cde074ddfc0",
    "data": [
      {
        "text": "donde reviso mis ",
        "userDefined": false
      },
      {
        "text": "beneficios",
        "meta": "@Solicitudes_estudiantes",
        "alias": "solicitudes_estudiantes",
        "userDefined": false
      }
    ],
    "isTemplate": false,
    "count": 0,
    "lang": "es",
    "updated": 0
  },
  {
    "id": "c178ad8d-43dd-47d9-9d4b-1d0c77ee6fc2",
    "data": [
      {
        "text": "donde me realizo ",
        "userDefined": false
      },
      {
        "text": "la solicitud de la",
        "userDefined": false
      },
      {
        "text": " ",
        "userDefined": false
      },
      {
        "text": "nota p",
        "meta": "@Inscripcion_ramos",
        "alias": "inscripcion_ramos",
        "userDefined": false
      }
    ],
    "isTemplate": false,
    "count": 0,
    "lang": "es",
    "updated": 0
  },
  {
    "id": "3ed1b1af-2712-43a3-afb2-898655e25dde",
    "data": [
      {
        "text": "donde devuelvo ",
        "userDefined": false
      },
      {
        "text": "mi",
        "userDefined": false
      },
      {
        "text": " ",
        "userDefined": false
      },
      {
        "text": "libro",
        "meta": "@Prestamo-biblioteca",
        "alias": "prestamo-biblioteca",
        "userDefined": false
      }
    ],
    "isTemplate": false,
    "count": 0,
    "lang": "es",
    "updated": 0
  },
  {
    "id": "4b2e2dfa-4b64-4890-9588-ca0a7fc87e49",
    "data": [
      {
        "text": "donde veo ",
        "userDefined": false
      },
      {
        "text": "mis libros",
        "meta": "@Prestamo-biblioteca",
        "alias": "prestamo-biblioteca",
        "userDefined": false
      }
    ],
    "isTemplate": false,
    "count": 0,
    "lang": "es",
    "updated": 0
  },
  {
    "id": "eaf5e639-2068-476e-8956-5008401bcfe6",
    "data": [
      {
        "text": "mis notas parciales",
        "meta": "@Notas-asistencias",
        "alias": "notas-asistencias",
        "userDefined": false
      }
    ],
    "isTemplate": false,
    "count": 0,
    "lang": "es",
    "updated": 0
  },
  {
    "id": "83bf2ebe-cff9-40bd-9be0-6384ea440a3b",
    "data": [
      {
        "text": "necesito",
        "userDefined": false
      },
      {
        "text": " saber ",
        "userDefined": false
      },
      {
        "text": "mi",
        "userDefined": false
      },
      {
        "text": " ",
        "userDefined": false
      },
      {
        "text": "asistencia",
        "meta": "@Notas-asistencias",
        "alias": "notas-asistencias",
        "userDefined": false
      }
    ],
    "isTemplate": false,
    "count": 0,
    "lang": "es",
    "updated": 0
  },
  {
    "id": "6ef03b91-92b7-40dd-a0f5-404557ab65ea",
    "data": [
      {
        "text": "donde ",
        "userDefined": false
      },
      {
        "text": "inscribo ramos",
        "meta": "@Inscripcion_ramos",
        "alias": "inscripcion_ramos",
        "userDefined": false
      }
    ],
    "isTemplate": false,
    "count": 0,
    "lang": "es",
    "updated": 0
  },
  {
    "id": "cd695532-0ac0-4b8b-96f7-638d5102cf4f",
    "data": [
      {
        "text": "huevon",
        "meta": "@insultos-defensa",
        "alias": "insultos-defensa",
        "userDefined": false
      }
    ],
    "isTemplate": false,
    "count": 0,
    "lang": "es",
    "updated": 0
  },
  {
    "id": "20bac5fa-34b8-4613-8b25-a3dc150cf96e",
    "data": [
      {
        "text": "mi",
        "userDefined": false
      },
      {
        "text": " carga ",
        "userDefined": false
      },
      {
        "text": "academica",
        "meta": "@Informacion_Academica",
        "alias": "Informacion_Academica",
        "userDefined": true
      }
    ],
    "isTemplate": false,
    "count": 0,
    "lang": "es",
    "updated": 0
  },
  {
    "id": "539c6f0d-95ad-4d2b-9520-ef14b58ff172",
    "data": [
      {
        "text": "donde genero ",
        "userDefined": false
      },
      {
        "text": "certificado",
        "meta": "@Documentos",
        "alias": "documentos",
        "userDefined": true
      },
      {
        "text": " ",
        "userDefined": false
      },
      {
        "text": "alumno regular",
        "meta": "@Documentos",
        "alias": "documentos",
        "userDefined": false
      }
    ],
    "isTemplate": false,
    "count": 0,
    "lang": "es",
    "updated": 0
  },
  {
    "id": "36f6a3bf-93c6-4419-9937-5914f7be92b5",
    "data": [
      {
        "text": "donde encuentro ",
        "userDefined": false
      },
      {
        "text": "mis notas",
        "meta": "@Notas-asistencias",
        "alias": "notas-asistencias",
        "userDefined": false
      }
    ],
    "isTemplate": false,
    "count": 0,
    "lang": "es",
    "updated": 0
  },
  {
    "id": "fa49b0c8-dbab-4281-af18-d9630251b5b4",
    "data": [
      {
        "text": "hora asistente social",
        "meta": "@Horario-asistente-social",
        "alias": "horario-asistente-social",
        "userDefined": false
      }
    ],
    "isTemplate": false,
    "count": 0,
    "lang": "es",
    "updated": 0
  },
  {
    "id": "03fa04a2-6d50-43d4-8f9b-e7d4f3bc5e02",
    "data": [
      {
        "text": "horario",
        "meta": "@horarios",
        "alias": "horarios",
        "userDefined": false
      }
    ],
    "isTemplate": false,
    "count": 0,
    "lang": "es",
    "updated": 0
  },
  {
    "id": "6b6dd4e5-4288-435f-a661-3285b24f7ff2",
    "data": [
      {
        "text": "mis notas",
        "meta": "@Notas-asistencias",
        "alias": "notas-asistencias",
        "userDefined": false
      }
    ],
    "isTemplate": false,
    "count": 0,
    "lang": "es",
    "updated": 0
  }
]