[
  {
    "id": "49793810-8c5a-4da6-952b-0ca254e4c90b",
    "data": [
      {
        "text": "hola",
        "meta": "@saludos",
        "alias": "saludos",
        "userDefined": true
      }
    ],
    "isTemplate": false,
    "count": 0,
    "lang": "es-419",
    "updated": 0
  },
  {
    "id": "615c85dd-f952-408a-a8fd-420dde124596",
    "data": [
      {
        "text": "donde",
        "meta": "@buscar-resuestas",
        "alias": "buscar-resuestas",
        "userDefined": false
      },
      {
        "text": " ",
        "userDefined": false
      },
      {
        "text": "solicito una hora",
        "meta": "@buscar-resuestas",
        "alias": "buscar-resuestas",
        "userDefined": false
      },
      {
        "text": " con la ",
        "userDefined": false
      },
      {
        "text": "asistente social",
        "meta": "@buscar-resuestas",
        "alias": "buscar-resuestas",
        "userDefined": false
      }
    ],
    "isTemplate": false,
    "count": 0,
    "lang": "es-419",
    "updated": 0
  },
  {
    "id": "e9e67856-ffac-4ef7-9b51-52b621f2ada2",
    "data": [
      {
        "text": "donde",
        "meta": "@buscar-resuestas",
        "alias": "buscar-resuestas",
        "userDefined": false
      },
      {
        "text": " encuentro ",
        "userDefined": false
      },
      {
        "text": "mis notas",
        "meta": "@buscar-resuestas",
        "alias": "buscar-resuestas",
        "userDefined": false
      }
    ],
    "isTemplate": false,
    "count": 0,
    "lang": "es-419",
    "updated": 0
  },
  {
    "id": "2be48cec-197d-4e4b-a508-1a3243ce4a5e",
    "data": [
      {
        "text": "como congelo ",
        "userDefined": false
      },
      {
        "text": "mi",
        "meta": "@sys.unit-length-name",
        "alias": "unit-length-name",
        "userDefined": false
      },
      {
        "text": " semestre",
        "userDefined": false
      }
    ],
    "isTemplate": false,
    "count": 0,
    "lang": "es-419",
    "updated": 0
  },
  {
    "id": "e604619d-be13-413b-a8e4-e94ca68e0841",
    "data": [
      {
        "text": "como suspendo ",
        "userDefined": false
      },
      {
        "text": "beneficios",
        "meta": "@buscar-resuestas",
        "alias": "buscar-resuestas",
        "userDefined": true
      }
    ],
    "isTemplate": false,
    "count": 0,
    "lang": "es-419",
    "updated": 0
  },
  {
    "id": "db688943-9e67-484b-b1f7-c64908d0ac71",
    "data": [
      {
        "text": "como inscribo un curso",
        "meta": "@buscar-resuestas",
        "alias": "buscar-resuestas",
        "userDefined": false
      }
    ],
    "isTemplate": false,
    "count": 0,
    "lang": "es-419",
    "updated": 0
  },
  {
    "id": "44c57f97-f17f-4447-9e50-ce8e62fef95f",
    "data": [
      {
        "text": "donde estan",
        "userDefined": false
      },
      {
        "text": " los ",
        "userDefined": false
      },
      {
        "text": "certificados",
        "meta": "@buscar-resuestas",
        "alias": "buscar-resuestas",
        "userDefined": false
      }
    ],
    "isTemplate": false,
    "count": 0,
    "lang": "es-419",
    "updated": 0
  },
  {
    "id": "75328e77-bfbd-41ef-8afd-dc6ba9da8657",
    "data": [
      {
        "text": "como encuentro ",
        "userDefined": false
      },
      {
        "text": "un",
        "meta": "@sys.number",
        "alias": "number",
        "userDefined": false
      },
      {
        "text": " ",
        "userDefined": false
      },
      {
        "text": "documento",
        "meta": "@buscar-resuestas",
        "alias": "buscar-resuestas",
        "userDefined": false
      }
    ],
    "isTemplate": false,
    "count": 0,
    "lang": "es-419",
    "updated": 0
  }
]