[
  {
    "value": "documentos",
    "synonyms": [
      "documentos",
      "certificados",
      "petitorio",
      "archivos",
      "acta",
      "reporte"
    ]
  },
  {
    "value": "notas alumno",
    "synonyms": [
      "notas alumno",
      "mis notas",
      "calificaciones",
      "notas del ramo",
      "ramo notas",
      "veo mis notas",
      "notitas",
      "notas"
    ]
  },
  {
    "value": "inscripcion ramos",
    "synonyms": [
      "inscripcion ramos",
      "inscripcion",
      "inscribir cursos",
      "quiero ramos",
      "como elimino un ramo",
      "como inscribo un ramo",
      "votar ramos"
    ]
  },
  {
    "value": "horas asistente social",
    "synonyms": [
      "horas asistente social",
      "solicitar hora",
      "tengo depresion",
      "quiero una hora",
      "deseo hacer una reserva"
    ]
  },
  {
    "value": "pago de arancel",
    "synonyms": [
      "pago de arancel",
      "pagar",
      "como pago",
      "tengo deudas",
      "quiero ser alumno regular"
    ]
  },
  {
    "value": "informacion personal",
    "synonyms": [
      "informacion personal",
      "donde estas mis datos",
      "datos personales",
      "recursos privados",
      "datos privados",
      "privado"
    ]
  },
  {
    "value": "biblioteca",
    "synonyms": [
      "biblioteca",
      "devolucion libro",
      "devolver"
    ]
  },
  {
    "value": "ayuda",
    "synonyms": [
      "ayuda",
      "aiuda",
      "colapso mental",
      "desesperación"
    ]
  },
  {
    "value": "suspencion",
    "synonyms": [
      "suspencion",
      "suspencion de beneficios",
      "beneficios"
    ]
  }
]