[
  {
    "value": "Documentos",
    "synonyms": [
      "Documentos",
      "Certificados",
      "validaciones"
    ]
  },
  {
    "value": "Información personal",
    "synonyms": [
      "Información personal",
      "info personal",
      "datos",
      "info mia",
      "claves de acceso"
    ]
  },
  {
    "value": "Formas de pago",
    "synonyms": [
      "Formas de pago",
      "pagar",
      "pago en formas",
      "donde pago"
    ]
  },
  {
    "value": "Certificado alumno regular",
    "synonyms": [
      "Certificado alumno regular",
      "alumno regular"
    ]
  }
]