[
  {
    "value": "Información academica",
    "synonyms": [
      "Información academica",
      "info academica",
      "datos de mi"
    ]
  },
  {
    "value": "Historia acadeica",
    "synonyms": [
      "Historia acadeica",
      "cursos aprovados",
      "cursos aprobados",
      "cursos reprobados",
      "historial de cursos",
      "registro de ramos",
      "competencias"
    ]
  },
  {
    "value": "Avance curricular",
    "synonyms": [
      "Avance curricular",
      "pdf de ramos",
      "avance academico",
      "listado de cursos",
      "creditos totales"
    ]
  },
  {
    "value": "creditos de libre disposicion",
    "synonyms": [
      "creditos de libre disposicion",
      "creditos libres",
      "total de creditos"
    ]
  }
]