[
  {
    "value": "Inscripción ramos",
    "synonyms": [
      "Inscripción ramos",
      "inscribir ramos",
      "ramos",
      "inscribir cursos",
      "incribir ramos",
      "agregar ramos",
      "adicionar cursos a la carga academica",
      "mas ramos"
    ]
  },
  {
    "value": "Nota p",
    "synonyms": [
      "Nota p",
      "nota pendiente",
      "pausar ramo",
      "dejar ramo pendiente",
      "pendiente",
      "ramo out"
    ]
  },
  {
    "value": "Eliminar ramos",
    "synonyms": [
      "Eliminar ramos",
      "eliminar carga academica",
      "eliminar cursos",
      "votar ramos",
      "botar ramos",
      "botar cursos"
    ]
  }
]