[
  {
    "value": "huevon",
    "synonyms": [
      "huevon",
      "weon",
      "saco de weas",
      "weonaso",
      "huevonaso"
    ]
  },
  {
    "value": "culiao",
    "synonyms": [
      "culiao",
      "ql",
      "re culiao"
    ]
  },
  {
    "value": "chucha",
    "synonyms": [
      "chucha",
      "puta que rico",
      "que paso pe"
    ]
  },
  {
    "value": "peru",
    "synonyms": [
      "peru",
      "eres peruano",
      "sos re putito"
    ]
  },
  {
    "value": "puto",
    "synonyms": [
      "puto",
      "marico",
      "marica"
    ]
  },
  {
    "value": "mamahuevo",
    "synonyms": [
      "mamahuevo",
      "pelotudo"
    ]
  },
  {
    "value": "Venezuela",
    "synonyms": [
      "Venezuela",
      "venezolano"
    ]
  }
]